request_id,request_received_time,responder_id,deployment_start_time,deployment_end_time
1108,2021-01-01T16:52:00Z,12,2021-01-01T16:52:00Z,2021-03-11T09:34:44Z
1109,2021-01-02T13:46:11Z,24,2021-01-02T13:46:11Z,2021-01-07T11:42:09Z
1110,2021-01-03T18:47:25Z,29,2021-01-03T18:47:25Z,2021-06-12T23:48:05Z
1111,2021-01-04T10:45:18Z,3,2021-01-04T10:45:18Z,2021-03-17T19:35:03Z
1112,2021-01-04T16:03:33Z,20,2021-01-04T16:03:33Z,2021-01-04T19:14:40Z
1113,2021-01-04T16:47:07Z,20,2021-01-04T19:14:40Z,2021-01-18T07:43:01Z
1114,2021-01-05T07:06:26Z,24,2021-01-07T11:42:09Z,2021-01-23T16:34:45Z
1115,2021-01-05T12:23:34Z,6,2021-01-07T22:13:07Z,2021-01-20T07:14:48Z
1116,2021-01-06T13:13:13Z,13,2021-01-08T00:45:15Z,2021-04-23T14:58:28Z
1117,2021-01-07T21:40:22Z,25,2021-01-08T02:31:33Z,2021-01-13T22:01:40Z
1118,2021-01-10T20:45:41Z,25,2021-01-13T22:01:40Z,2021-02-07T01:44:30Z
1119,2021-01-13T13:27:16Z,9,2021-01-16T04:07:10Z,2021-02-15T07:37:20Z
1120,2021-01-19T00:04:44Z,26,2021-01-19T00:04:44Z,2021-03-20T19:24:16Z
1121,2021-01-22T07:04:55Z,20,2021-01-22T07:04:55Z,2021-01-30T16:32:37Z
1122,2021-01-24T12:58:55Z,1,2021-01-24T12:58:55Z,2021-03-18T01:14:59Z
1123,2021-01-28T10:50:30Z,6,2021-01-28T10:50:30Z,2021-04-24T23:46:25Z
1124,2021-01-28T23:46:12Z,16,2021-01-28T23:46:12Z,2021-03-25T16:02:19Z
1125,2021-01-30T05:30:52Z,24,2021-01-30T05:30:52Z,2021-06-23T06:47:17Z
1126,2021-02-03T05:11:51Z,17,2021-02-03T05:11:51Z,2021-04-10T23:30:48Z
1127,2021-02-04T03:54:30Z,20,2021-02-04T03:54:30Z,2021-04-21T11:37:35Z
1128,2021-02-10T21:09:30Z,22,2021-02-10T21:09:30Z,2021-03-17T08:53:18Z
1129,2021-02-12T11:05:11Z,27,2021-02-12T11:05:11Z,2021-06-01T23:11:24Z
1130,2021-02-12T15:35:54Z,4,2021-02-12T15:35:54Z,2021-08-02T01:02:28Z
1131,2021-02-18T22:12:39Z,5,2021-02-18T22:12:39Z,2021-04-01T23:14:55Z
1132,2021-02-19T01:20:32Z,21,2021-02-19T01:20:32Z,2021-04-28T20:34:35Z
1133,2021-02-19T04:33:18Z,25,2021-02-19T04:33:18Z,2021-04-24T13:02:30Z
1134,2021-02-22T00:33:51Z,15,2021-02-22T00:33:51Z,2021-03-02T10:49:57Z
1135,2021-02-22T07:07:53Z,23,2021-02-22T07:07:53Z,2021-05-17T06:25:54Z
1136,2021-02-24T03:24:42Z,9,2021-02-24T03:24:42Z,2021-04-21T12:26:49Z
1137,2021-02-24T06:55:56Z,7,2021-02-24T06:55:56Z,2021-08-12T01:37:47Z
1138,2021-02-24T20:38:50Z,18,2021-02-24T20:38:50Z,2021-07-03T22:37:55Z
1139,2021-02-25T20:55:37Z,2,2021-02-25T20:55:37Z,2021-04-30T14:45:42Z
1140,2021-02-26T07:05:58Z,19,2021-02-27T16:08:53Z,2021-05-13T06:32:52Z
1141,2021-03-01T05:11:25Z,15,2021-03-02T10:49:57Z,2021-03-07T11:40:41Z
1142,2021-03-01T11:13:14Z,15,2021-03-07T11:40:41Z,2021-05-03T19:00:40Z
1143,2021-03-01T22:59:30Z,12,2021-03-11T09:34:44Z,2021-03-16T13:19:33Z
1144,2021-03-04T12:50:20Z,12,2021-03-16T13:19:33Z,2021-04-18T17:50:12Z
1145,2021-03-04T16:50:36Z,22,2021-03-17T08:53:18Z,2021-04-17T18:55:43Z
1146,2021-03-05T04:10:41Z,3,2021-03-17T19:35:03Z,2021-04-04T12:28:23Z
1147,2021-03-10T18:18:56Z,1,2021-03-18T01:14:59Z,2021-04-05T06:36:10Z
1148,2021-03-11T03:14:50Z,14,2021-03-20T03:28:24Z,2021-04-16T21:26:57Z
1149,2021-03-11T06:57:03Z,26,2021-03-20T19:24:16Z,2021-04-06T22:42:57Z
1150,2021-03-13T01:51:38Z,16,2021-03-25T16:02:19Z,2021-03-26T17:00:21Z
1151,2021-03-17T11:58:51Z,16,2021-03-26T17:00:21Z,2021-05-11T07:21:05Z
1152,2021-03-20T04:23:29Z,5,2021-04-01T23:14:55Z,2021-05-16T14:01:36Z
1153,2021-03-20T05:57:01Z,3,2021-04-04T12:28:23Z,2021-04-06T07:47:56Z
1154,2021-03-22T01:51:37Z,1,2021-04-05T06:36:10Z,2021-06-12T16:34:44Z
1155,2021-03-22T08:10:40Z,3,2021-04-06T07:47:56Z,2021-04-22T04:47:03Z
1156,2021-03-23T09:58:21Z,26,2021-04-06T22:42:57Z,2021-05-28T03:07:43Z
1157,2021-03-24T06:33:01Z,11,2021-04-08T16:42:13Z,2021-10-15T15:56:01Z
1158,2021-03-25T14:48:41Z,28,2021-04-10T11:58:06Z,2021-07-10T12:48:15Z
1159,2021-03-27T07:09:05Z,17,2021-04-10T23:30:48Z,2021-07-15T06:20:26Z
1160,2021-03-27T18:14:45Z,8,2021-04-13T01:03:46Z,2021-04-13T06:55:44Z
1161,2021-03-28T19:49:09Z,8,2021-04-13T06:55:44Z,2021-04-13T09:50:51Z
1162,2021-04-01T05:05:15Z,8,2021-04-13T09:50:51Z,2021-06-10T16:12:23Z
1163,2021-04-02T09:09:18Z,14,2021-04-16T21:26:57Z,2021-05-04T03:18:41Z
1164,2021-04-03T00:48:10Z,22,2021-04-17T18:55:43Z,2021-05-12T06:42:01Z
1165,2021-04-08T07:32:08Z,12,2021-04-18T17:50:12Z,2021-04-27T03:50:51Z
1166,2021-04-09T22:02:25Z,20,2021-04-21T11:37:35Z,2021-11-19T01:39:37Z
1167,2021-04-10T03:55:12Z,9,2021-04-21T12:26:49Z,2021-07-25T21:08:05Z
1168,2021-04-13T03:08:42Z,3,2021-04-22T04:47:03Z,2021-05-18T22:54:25Z
1169,2021-04-13T16:05:07Z,13,2021-04-23T14:58:28Z,2021-05-24T00:05:03Z
1170,2021-04-14T12:43:57Z,25,2021-04-24T13:02:30Z,2021-05-10T11:55:58Z
1171,2021-04-16T22:44:44Z,6,2021-04-24T23:46:25Z,2021-06-10T22:42:07Z
1172,2021-04-18T03:58:19Z,12,2021-04-27T03:50:51Z,2021-08-23T00:14:11Z
1173,2021-04-19T07:18:27Z,21,2021-04-28T20:34:35Z,2021-04-30T00:53:37Z
1174,2021-04-21T00:47:44Z,21,2021-04-30T00:53:37Z,2021-06-11T08:52:28Z
1175,2021-04-22T04:12:26Z,2,2021-04-30T14:45:42Z,2021-05-08T11:50:36Z
1176,2021-04-22T23:09:20Z,10,2021-05-02T10:22:35Z,2021-06-24T02:28:16Z
1177,2021-04-23T16:35:17Z,15,2021-05-03T19:00:40Z,2021-05-04T05:36:04Z
1178,2021-04-24T08:57:33Z,14,2021-05-04T03:18:41Z,2021-07-10T06:34:29Z
1179,2021-04-24T13:08:04Z,15,2021-05-04T05:36:04Z,2021-05-11T09:14:13Z
1180,2021-04-25T17:17:12Z,2,2021-05-08T11:50:36Z,2021-08-30T15:15:06Z
1181,2021-04-29T12:31:56Z,25,2021-05-10T11:55:58Z,2021-05-14T10:35:41Z
1182,2021-05-02T00:40:27Z,16,2021-05-11T07:21:05Z,2021-05-12T17:59:48Z
1183,2021-05-02T11:58:51Z,15,2021-05-11T09:14:13Z,2021-05-13T18:56:30Z
1184,2021-05-03T12:50:32Z,22,2021-05-12T06:42:01Z,2021-07-29T00:03:25Z
1185,2021-05-04T06:17:00Z,16,2021-05-12T17:59:48Z,2021-05-13T07:55:28Z
1186,2021-05-04T17:12:46Z,19,2021-05-13T06:32:52Z,2021-05-15T10:11:51Z
1187,2021-05-05T18:43:23Z,16,2021-05-13T07:55:28Z,2021-05-25T11:38:50Z
1188,2021-05-08T08:36:09Z,15,2021-05-13T18:56:30Z,2021-07-14T08:31:45Z
1189,2021-05-10T03:18:25Z,25,2021-05-14T10:35:41Z,2021-08-19T12:04:35Z
1190,2021-05-11T08:49:33Z,19,2021-05-15T10:11:51Z,2021-05-27T09:51:22Z
1191,2021-05-14T14:13:30Z,5,2021-05-16T14:01:36Z,2021-05-20T06:35:07Z
1192,2021-05-17T15:35:32Z,23,2021-05-17T15:35:32Z,2021-07-29T22:24:31Z
1193,2021-05-18T03:59:53Z,3,2021-05-18T22:54:25Z,2021-06-02T10:11:48Z
1194,2021-05-19T01:24:20Z,5,2021-05-20T06:35:07Z,2021-08-14T08:25:23Z
1195,2021-05-19T11:16:22Z,13,2021-05-24T00:05:03Z,2021-06-01T07:03:47Z
1196,2021-05-21T09:38:42Z,16,2021-05-25T11:38:50Z,2021-05-28T01:09:43Z
1197,2021-05-23T15:13:02Z,19,2021-05-27T09:51:22Z,2021-06-17T05:28:50Z
1198,2021-05-24T14:06:41Z,16,2021-05-28T01:09:43Z,2021-08-10T05:30:11Z
1199,2021-05-25T03:58:07Z,26,2021-05-28T03:07:43Z,2021-06-17T04:16:33Z
1200,2021-05-26T12:10:00Z,13,2021-06-01T07:03:47Z,2021-08-19T04:19:52Z
1201,2021-05-28T15:14:24Z,27,2021-06-01T23:11:24Z,2021-06-02T09:58:08Z
1202,2021-05-29T08:44:37Z,27,2021-06-02T09:58:08Z,2021-06-06T23:18:01Z
1203,2021-05-29T10:44:27Z,3,2021-06-02T10:11:48Z,2021-09-17T16:07:13Z
1204,2021-06-01T17:18:34Z,27,2021-06-06T23:18:01Z,2021-06-11T22:37:29Z
1205,2021-06-06T02:59:04Z,30,2021-06-07T03:26:04Z,2021-07-10T20:10:52Z
1206,2021-06-09T08:35:17Z,8,2021-06-10T16:12:23Z,2021-06-21T11:57:25Z
1207,2021-06-11T05:53:53Z,6,2021-06-11T05:53:53Z,2021-07-29T00:22:21Z
1208,2021-06-12T02:32:31Z,21,2021-06-12T02:32:31Z,2021-06-27T08:03:24Z
1209,2021-06-12T06:43:16Z,27,2021-06-12T06:43:16Z,2021-06-13T22:53:21Z
1210,2021-06-12T17:58:01Z,1,2021-06-12T17:58:01Z,2021-07-31T09:52:47Z
1211,2021-06-13T08:08:51Z,29,2021-06-13T08:08:51Z,2021-06-27T18:18:48Z
1212,2021-06-16T09:45:56Z,27,2021-06-16T09:45:56Z,2021-06-26T13:06:58Z
1213,2021-06-17T08:03:33Z,26,2021-06-17T08:03:33Z,2021-06-29T15:33:26Z
1214,2021-06-18T04:07:40Z,19,2021-06-18T04:07:40Z,2021-06-25T12:42:38Z
1215,2021-06-18T15:59:00Z,8,2021-06-21T11:57:25Z,2021-07-19T13:36:23Z
1216,2021-06-21T00:03:17Z,24,2021-06-23T06:47:17Z,2021-12-10T22:51:09Z
1217,2021-06-21T12:34:27Z,10,2021-06-24T02:28:16Z,2021-07-17T09:12:57Z
1218,2021-06-24T00:16:44Z,19,2021-06-25T12:42:38Z,2021-08-04T12:52:51Z
1219,2021-06-24T06:04:23Z,27,2021-06-26T13:06:58Z,2021-12-11T20:20:41Z
1220,2021-06-24T14:31:38Z,21,2021-06-27T08:03:24Z,2021-08-29T14:13:23Z
1221,2021-06-27T01:45:10Z,29,2021-06-27T18:18:48Z,2021-11-04T20:40:02Z
1222,2021-06-27T04:26:41Z,26,2021-06-29T15:33:26Z,2021-07-06T14:44:44Z
1223,2021-06-27T09:45:44Z,18,2021-07-03T22:37:55Z,2021-07-18T01:39:23Z
1224,2021-06-27T17:28:07Z,26,2021-07-06T14:44:44Z,2021-09-23T21:07:48Z
1225,2021-06-28T18:51:56Z,14,2021-07-10T06:34:29Z,2021-07-29T12:03:50Z
1226,2021-06-28T20:55:19Z,28,2021-07-10T12:48:15Z,2021-07-12T03:14:40Z
1227,2021-07-01T08:11:22Z,30,2021-07-10T20:10:52Z,2021-08-13T22:21:07Z
1228,2021-07-01T22:52:33Z,28,2021-07-12T03:14:40Z,2021-07-15T21:14:05Z
1229,2021-07-02T11:35:03Z,15,2021-07-14T08:31:45Z,2021-08-01T10:41:30Z
1230,2021-07-03T15:47:05Z,17,2021-07-15T06:20:26Z,2021-07-20T12:24:18Z
1231,2021-07-05T22:24:41Z,28,2021-07-15T21:14:05Z,2021-08-14T20:09:27Z
1232,2021-07-08T06:43:37Z,10,2021-07-17T09:12:57Z,2021-07-18T20:44:46Z
1233,2021-07-12T12:34:06Z,18,2021-07-18T01:39:23Z,2021-09-05T01:48:48Z
1234,2021-07-13T18:51:16Z,10,2021-07-18T20:44:46Z,2021-08-04T23:36:50Z
1235,2021-07-21T11:18:22Z,8,2021-07-21T11:18:22Z,2022-02-06T16:45:10Z
1236,2021-07-23T15:36:39Z,17,2021-07-23T15:36:39Z,2021-10-22T04:18:21Z
1237,2021-07-24T09:52:04Z,9,2021-07-25T21:08:05Z,2021-08-02T08:43:10Z
1238,2021-07-24T18:52:26Z,22,2021-07-29T00:03:25Z,2021-08-10T14:05:30Z
1239,2021-07-26T19:08:13Z,6,2021-07-29T00:22:21Z,2021-09-02T11:37:05Z
1240,2021-07-28T10:42:42Z,14,2021-07-29T12:03:50Z,2021-07-31T10:40:56Z
1241,2021-07-30T19:39:14Z,23,2021-07-30T19:39:14Z,2021-09-13T13:28:23Z
1242,2021-08-02T12:01:53Z,1,2021-08-02T12:01:53Z,2021-08-19T03:04:31Z
1243,2021-08-02T18:41:57Z,14,2021-08-02T18:41:57Z,2021-08-18T18:11:52Z
1244,2021-08-04T12:34:46Z,15,2021-08-04T12:34:46Z,2021-11-07T18:57:16Z
1245,2021-08-04T12:43:23Z,4,2021-08-04T12:43:23Z,2021-11-05T06:56:30Z
1246,2021-08-05T21:39:41Z,9,2021-08-05T21:39:41Z,2021-08-31T17:18:21Z
1247,2021-08-06T14:55:29Z,19,2021-08-06T14:55:29Z,2021-09-18T12:33:23Z
1248,2021-08-07T16:30:14Z,10,2021-08-07T16:30:14Z,2021-09-16T21:03:55Z
1249,2021-08-08T04:54:54Z,16,2021-08-10T05:30:11Z,2021-09-27T05:01:47Z
1250,2021-08-08T05:15:53Z,22,2021-08-10T14:05:30Z,2021-11-11T16:53:46Z
1251,2021-08-08T21:00:50Z,7,2021-08-12T01:37:47Z,2021-08-12T21:59:18Z
1252,2021-08-09T14:48:24Z,7,2021-08-12T21:59:18Z,2021-11-10T09:38:21Z
1253,2021-08-10T10:15:45Z,30,2021-08-13T22:21:07Z,2021-10-06T03:27:00Z
1254,2021-08-12T19:59:40Z,5,2021-08-14T08:25:23Z,2021-09-01T03:38:54Z
1255,2021-08-15T14:30:48Z,28,2021-08-15T14:30:48Z,2021-09-03T20:10:29Z
1256,2021-08-16T00:01:51Z,14,2021-08-18T18:11:52Z,2021-09-06T18:07:43Z
1257,2021-08-17T13:02:11Z,1,2021-08-19T03:04:31Z,2022-01-10T04:45:37Z
1258,2021-08-19T04:32:50Z,13,2021-08-19T04:32:50Z,2021-09-28T15:30:16Z
1259,2021-08-19T12:23:24Z,25,2021-08-19T12:23:24Z,2021-09-06T05:11:26Z
1260,2021-08-27T14:25:17Z,12,2021-08-27T14:25:17Z,2021-12-08T09:22:12Z
1261,2021-08-28T19:45:19Z,21,2021-08-29T14:13:23Z,2021-10-31T23:28:15Z
1262,2021-08-28T20:58:59Z,2,2021-08-30T15:15:06Z,2021-09-28T13:50:46Z
1263,2021-08-29T19:32:54Z,9,2021-08-31T17:18:21Z,2021-10-26T21:23:12Z
1264,2021-09-03T14:26:56Z,5,2021-09-03T14:26:56Z,2021-09-22T17:24:47Z
1265,2021-09-04T06:19:23Z,6,2021-09-04T06:19:23Z,2021-09-18T02:48:08Z
1266,2021-09-04T21:51:33Z,28,2021-09-04T21:51:33Z,2021-09-20T21:21:13Z
1267,2021-09-05T01:20:07Z,18,2021-09-05T01:48:48Z,2021-11-05T00:40:54Z
1268,2021-09-05T16:55:15Z,25,2021-09-06T05:11:26Z,2021-11-18T23:59:12Z
1269,2021-09-07T02:34:40Z,14,2021-09-07T02:34:40Z,2021-09-29T14:36:29Z
1270,2021-09-09T20:45:28Z,23,2021-09-13T13:28:23Z,2022-01-02T21:04:11Z
1271,2021-09-10T01:56:03Z,10,2021-09-16T21:03:55Z,2022-01-13T20:28:29Z
1272,2021-09-11T01:40:38Z,3,2021-09-17T16:07:13Z,2021-10-12T14:18:54Z
1273,2021-09-11T13:18:39Z,6,2021-09-18T02:48:08Z,2021-09-18T22:01:27Z
1274,2021-09-12T15:38:16Z,19,2021-09-18T12:33:23Z,2021-12-19T09:09:03Z
1275,2021-09-13T07:08:04Z,6,2021-09-18T22:01:27Z,2021-10-01T07:33:01Z
1276,2021-09-17T08:56:22Z,28,2021-09-20T21:21:13Z,2021-10-13T18:56:36Z
1277,2021-09-21T03:12:45Z,5,2021-09-22T17:24:47Z,2021-12-17T19:20:09Z
1278,2021-09-24T03:48:32Z,26,2021-09-24T03:48:32Z,2021-10-07T20:55:11Z
1279,2021-09-24T13:48:38Z,16,2021-09-27T05:01:47Z,2021-09-28T15:54:24Z
1280,2021-09-25T13:10:02Z,2,2021-09-28T13:50:46Z,2021-10-26T19:36:03Z
1281,2021-09-26T17:51:06Z,13,2021-09-28T15:30:16Z,2022-01-05T10:01:27Z
1282,2021-09-28T00:46:13Z,16,2021-09-28T15:54:24Z,2021-11-16T09:41:55Z
1283,2021-09-28T05:18:51Z,14,2021-09-29T14:36:29Z,2021-10-15T11:41:20Z
1284,2021-09-30T10:22:20Z,6,2021-10-01T07:33:01Z,2021-10-11T05:20:18Z
1285,2021-10-02T02:20:40Z,30,2021-10-06T03:27:00Z,2021-12-02T01:38:37Z
1286,2021-10-02T11:25:30Z,26,2021-10-07T20:55:11Z,2021-11-06T12:13:08Z
1287,2021-10-05T05:27:46Z,6,2021-10-11T05:20:18Z,2021-10-29T02:59:18Z
1288,2021-10-13T12:54:36Z,3,2021-10-13T12:54:36Z,2022-04-04T19:45:22Z
1289,2021-10-17T06:11:13Z,28,2021-10-17T06:11:13Z,2021-11-19T12:27:03Z
1290,2021-10-20T05:06:11Z,14,2021-10-20T05:06:11Z,2021-11-08T05:04:09Z
1291,2021-10-21T05:40:27Z,11,2021-10-21T05:40:27Z,2021-11-18T00:25:40Z
1292,2021-10-23T05:24:52Z,17,2021-10-23T05:24:52Z,2022-02-26T20:21:46Z
1293,2021-10-27T05:25:16Z,2,2021-10-27T05:25:16Z,2022-02-17T11:48:44Z
1294,2021-10-27T19:03:51Z,9,2021-10-27T19:03:51Z,2021-12-11T06:21:21Z
1295,2021-10-29T02:03:02Z,6,2021-10-29T02:59:18Z,2021-11-11T22:46:26Z
1296,2021-10-29T22:44:49Z,21,2021-10-31T23:28:15Z,2021-12-16T08:58:02Z
1297,2021-11-01T08:14:48Z,29,2021-11-04T20:40:02Z,2022-01-12T19:03:30Z
1298,2021-11-04T03:20:50Z,18,2021-11-05T00:40:54Z,2022-03-11T05:05:04Z
1299,2021-11-04T14:10:15Z,4,2021-11-05T06:56:30Z,2021-12-18T21:17:50Z
1300,2021-11-06T15:05:07Z,26,2021-11-06T15:05:07Z,2021-11-10T01:23:26Z
1301,2021-11-07T00:34:15Z,15,2021-11-07T18:57:16Z,2021-12-28T22:55:10Z
1302,2021-11-10T18:08:18Z,14,2021-11-10T18:08:18Z,2021-12-01T09:02:07Z
1303,2021-11-12T05:14:50Z,26,2021-11-12T05:14:50Z,2021-12-02T03:29:21Z
1304,2021-11-13T11:06:13Z,7,2021-11-13T11:06:13Z,2021-11-15T02:31:29Z
1305,2021-11-14T19:46:33Z,22,2021-11-14T19:46:33Z,2022-01-25T23:40:00Z
1306,2021-11-15T09:07:43Z,6,2021-11-15T09:07:43Z,2021-12-25T08:47:58Z
1307,2021-11-16T11:24:49Z,7,2021-11-16T11:24:49Z,2021-12-13T04:53:39Z
1308,2021-11-18T00:39:59Z,16,2021-11-18T00:39:59Z,2021-12-08T12:12:50Z
1309,2021-11-18T12:39:45Z,11,2021-11-18T12:39:45Z,2021-12-31T19:56:04Z
1310,2021-11-20T06:04:51Z,25,2021-11-20T06:04:51Z,2022-02-08T01:01:24Z
1311,2021-11-21T12:54:57Z,20,2021-11-21T12:54:57Z,2022-01-10T03:58:40Z
1312,2021-11-22T16:02:00Z,28,2021-11-22T16:02:00Z,2022-02-24T19:19:53Z
1313,2021-11-22T19:06:31Z,14,2021-12-01T09:02:07Z,2021-12-28T02:10:36Z
1314,2021-11-23T00:28:45Z,30,2021-12-02T01:38:37Z,2021-12-07T20:00:58Z
1315,2021-11-25T18:51:02Z,26,2021-12-02T03:29:21Z,2021-12-03T01:29:21Z
1316,2021-11-30T00:14:21Z,26,2021-12-03T01:29:21Z,2022-02-18T21:38:48Z
1317,2021-11-30T13:09:39Z,30,2021-12-07T20:00:58Z,2021-12-09T01:10:11Z
1318,2021-12-04T04:48:11Z,12,2021-12-08T09:22:12Z,2021-12-21T05:31:08Z
1319,2021-12-04T09:13:40Z,16,2021-12-08T12:12:50Z,2021-12-13T20:34:03Z
1320,2021-12-05T14:17:07Z,30,2021-12-09T01:10:11Z,2022-01-23T10:32:46Z
1321,2021-12-06T02:27:05Z,24,2021-12-10T22:51:09Z,2021-12-22T18:05:37Z
1322,2021-12-09T00:05:47Z,9,2021-12-11T06:21:21Z,2022-02-10T01:47:43Z
1323,2021-12-09T06:25:15Z,27,2021-12-11T20:20:41Z,2022-03-15T07:23:12Z
1324,2021-12-09T08:25:53Z,7,2021-12-13T04:53:39Z,2022-01-25T15:01:39Z
1325,2021-12-12T16:47:43Z,16,2021-12-13T20:34:03Z,2022-02-14T19:13:43Z
1326,2021-12-12T21:06:31Z,21,2021-12-16T08:58:02Z,2021-12-30T23:30:29Z
1327,2021-12-15T13:34:12Z,5,2021-12-17T19:20:09Z,2022-06-02T01:38:05Z
1328,2021-12-16T22:34:23Z,4,2021-12-18T21:17:50Z,2022-02-04T14:56:02Z
1329,2021-12-21T14:22:36Z,19,2021-12-21T14:22:36Z,2022-01-29T21:30:39Z
1330,2021-12-23T14:36:04Z,12,2021-12-23T14:36:04Z,2021-12-31T19:32:40Z
1331,2021-12-23T22:59:41Z,24,2021-12-23T22:59:41Z,2022-03-06T20:50:29Z
1332,2021-12-26T03:09:31Z,6,2021-12-26T03:09:31Z,2021-12-26T12:49:29Z
1333,2021-12-26T19:26:47Z,6,2021-12-26T19:26:47Z,2022-03-26T19:00:55Z
1334,2021-12-26T21:38:48Z,14,2021-12-28T02:10:36Z,2022-01-28T06:48:45Z
1335,2021-12-29T18:52:32Z,15,2021-12-29T18:52:32Z,2022-01-28T19:21:32Z
1336,2021-12-30T07:38:40Z,21,2021-12-30T23:30:29Z,2022-01-08T17:23:05Z
1337,2021-12-31T20:50:48Z,12,2021-12-31T20:50:48Z,2022-01-04T17:08:40Z
